question,answer
Hi,"Hello! How can I help you today?"
Hello,"Hi there! What can I assist you with?"
Hey, "Hey! What can I do for you?"
Good morning, "Good morning! How can I assist you today?"
Good afternoon, "Good afternoon! What brings you here?"
Good evening, "Good evening! How can I help you?"
How are you?, "I'm just a computer program but I'm here to help. How about you?"
Howdy, "Howdy! What can I do for you?"
Greetings, "Greetings! How may I assist you today?"
Hi there, "Hello! How can I help you today?"
What's happening?, "Not much. How can I assist you today?"
Nice to meet you, "Nice to meet you too! How can I assist you today?"
Yo, "Yo! What brings you here?"
Good to see you, "Good to see you too! How can I help you?"
How's it going?, "It's going well. How can I assist you today?"
Hey there, "Hey! What can I do for you?"
Long time no see, "Indeed! How can I assist you today?"
Hello, "Hello! How may I help you today?"
Hi, "Hi there! What can I assist you with?"
What are the popular part-time job options in India?,"Popular part-time job options in India include freelance writing, online tutoring, content creation, virtual assistance, delivery services, and data entry."
Where can I find part-time job listings specifically for Indian students?,"You can find part-time job listings for Indian students on platforms like Internshala, Naukri.com, Indeed India, LinkedIn, and local job portals."
Are there any specific websites or forums dedicated to part-time job opportunities in India?,"Yes, there are websites and forums such as Babajob, QuikrJobs, and local classified ads websites that specialize in listing part-time job opportunities across various sectors in India."
What are the average hourly rates for part-time jobs in India?,"The average hourly rates for part-time jobs in India vary depending on the industry, location, and skill requirements. However, they typically range from ₹100 to ₹500 per hour."
Can international students in India apply for part-time jobs?,"Yes, international students studying in India can apply for part-time jobs subject to certain restrictions and regulations set by the government. They may need to obtain permission from their educational institution and adhere to visa regulations."
Are there any specific part-time job opportunities for college students in India?,"Yes, college students in India can explore part-time job opportunities such as campus ambassadors, content writing, social media management, event coordination, and tutoring."
What are the legal requirements for hiring part-time employees in India?,"Employers hiring part-time employees in India must adhere to labor laws regarding wages, working hours, leave policies, and workplace safety. They must also comply with taxation and employment regulations set by the government."
How can I identify legitimate part-time job opportunities in India?,"To identify legitimate part-time job opportunities in India, research the employer, check their credibility and reviews, verify job postings on official websites or job portals, and beware of scams or fraudulent offers."
What are the typical working hours for part-time jobs in India?,"The typical working hours for part-time jobs in India vary depending on the nature of the job and employer requirements. Part-time employees may work anywhere from a few hours per week to a maximum of 25-30 hours per week."
Can part-time jobs in India lead to full-time employment opportunities?,"Yes, part-time jobs in India can often serve as stepping stones to full-time employment opportunities. By demonstrating skills, dedication, and reliability, part-time employees may be considered for permanent positions within the same company or industry."
How do I find part-time job opportunities in India?,"You can find part-time job opportunities in India by searching online job portals, networking with professionals in your industry, checking local classifieds, and exploring opportunities through educational institutions."
Are there any remote part-time job options available in India?,"Yes, there are remote part-time job options available in India such as virtual assistants, content writers, online tutors, data entry operators, and social media managers."
What are the key skills required for part-time jobs in India?,"Key skills required for part-time jobs in India include communication, time management, problem-solving, customer service, adaptability, and proficiency in relevant software or tools."
How can students balance their studies with part-time jobs in India?,"Students can balance their studies with part-time jobs in India by prioritizing tasks, creating a schedule, seeking support from professors or mentors, and maintaining open communication with employers about academic commitments."
Are there any government schemes or initiatives supporting part-time employment in India?,"Yes, the Indian government has introduced various schemes and initiatives to promote part-time employment, including skill development programs, entrepreneurship schemes, and financial assistance for startups."
What are the growth prospects for part-time jobs in India?,"Part-time job opportunities in India are expected to grow in sectors such as e-commerce, digital marketing, healthcare, education technology, and freelance services, driven by technological advancements and changing workforce preferences."
Can I work part-time while pursuing higher education in India?,"Yes, many students in India work part-time while pursuing higher education to gain practical experience, supplement their income, and develop essential skills for their future careers."
How can I negotiate salary or benefits for a part-time job in India?,"When negotiating salary or benefits for a part-time job in India, research industry standards, highlight your skills and experience, and be prepared to discuss flexible working arrangements or additional perks that may be of interest to the employer."
What are the challenges faced by part-time workers in India?,"Challenges faced by part-time workers in India may include irregular income, lack of job security, limited access to benefits such as healthcare or retirement plans, and difficulty balancing work and personal commitments."
Are there any specific part-time job opportunities for retired individuals in India?,"Yes, retired individuals in India can explore part-time job opportunities such as consultancy, teaching or tutoring, freelance writing, event management, and online mentoring."
Retail positions,"Retail positions include sales associate, cashier, store manager, merchandiser, and customer service representative."
Food service jobs,"Food service jobs encompass roles such as server, bartender, barista, line cook, and restaurant manager."
Tutoring,"Tutoring involves providing academic support to students in subjects like math, science, language arts, and test preparation."
Babysitting,"Babysitting entails caring for children in the absence of their parents or guardians, ensuring their safety, and engaging them in age-appropriate activities."
Administrative work,"Administrative work includes tasks such as data entry, filing, scheduling appointments, answering phones, and providing clerical support."
Online tutoring,"Online tutoring allows individuals to teach or mentor students remotely using video conferencing platforms and digital learning resources."
Content creation,"Content creation involves developing written, visual, or multimedia content for websites, blogs, social media platforms, and digital marketing campaigns."
Virtual assistance,"Virtual assistance entails providing administrative, technical, or creative support to clients remotely, often from a home office."
Delivery services,"Delivery services involve transporting goods or packages from one location to another, either using personal vehicles or through delivery platforms."
Data entry,"Data entry involves inputting, updating, and maintaining information in databases, spreadsheets, or other digital formats with accuracy and efficiency."
Freelance writing,"Freelance writing entails creating written content for clients on a freelance basis, covering topics such as articles, blogs, copywriting, and editing."
Event planning,"Event planning involves coordinating and executing various aspects of events such as weddings, conferences, parties, and corporate meetings."
Social media management,"Social media management entails creating, curating, and posting content on social media platforms to engage audiences and promote brands or products."
Web development,"Web development involves designing, building, and maintaining websites using programming languages, frameworks, and content management systems."
Graphic design,"Graphic design entails creating visual content such as logos, branding materials, illustrations, and marketing collateral for print or digital media."
IT support,"IT support involves providing technical assistance, troubleshooting, and resolving computer-related issues for individuals or organizations."
Data analysis,"Data analysis involves interpreting and analyzing data sets to extract insights, identify trends, and inform decision-making processes."
Customer service,"Customer service involves assisting customers with inquiries, complaints, or issues to ensure a positive experience and foster customer satisfaction."
Project management,"Project management involves planning, organizing, and overseeing projects from initiation to completion, ensuring they are delivered on time and within budget."
Translation,"Translation involves converting written or spoken content from one language to another accurately and effectively, preserving the original meaning and context."
i wanted people for catering services,"Sure,You can go to search page and find people there"
can anyone apply for part time jobs?,"Yes,anyone can apply for these jobs"
catering,"Sure,You can go to search page and find people there"
apply,"Yes,anyone can apply for these jobs"
